Workbook

Sheet Podsumowanie
A1: Ostoja – kosztorys bez kosztów programistów
A2: Kwoty netto w złotych. Wszystko wylicza się z zakładek Założenia, Jednorazowe i Miesięczne.
B4: Pilot | C4: Start | D4: Jak liczone
A5: Długość scenariusza (miesiące) | B5: =Założenia!B6 -> 3 | C5: =Założenia!C6 -> 12 | D5: Z Założeń.
A6: Koszty jednorazowe | B6: =Jednorazowe!$C$17 -> 13570.69 | C6: =Jednorazowe!$C$18 -> 8000 | D6: Pilot: przed pilotem. Start: przed prawdziwymi danymi (np. test penetracyjny).
A7: Koszty miesięczne | B7: =Miesięczne!$G$27 -> 3509.5915 | C7: =Miesięczne!$H$27 -> 9819.501 | D7: Suma z zakładki Miesięczne.
A8: Koszt całego scenariusza | B8: =B6+B7*B5 -> 24099.464 | C8: =C6+C7*C5 -> 125834.01 | D8: Jednorazowe + miesięczne × liczba miesięcy.
A9: Zlecenia z umową miesięcznie | B9: =Założenia!B9 -> 10 | C9: =Założenia!C9 -> 60 | D9: Zakłady × zlecenia na zakład.
A10: Przychód miesięczny (opłata Ostoi) | B10: =B9*Założenia!B16 -> 2500 | C10: =C9*Założenia!C16 -> 15000 | D10: Zlecenia × 250 zł.
A11: Wynik miesięczny | B11: =B10-B7 -> -1009.5915 | C11: =C10-C7 -> 5180.499 | D11: Przychód − koszty miesięczne (przed podatkiem).
A12: Próg rentowności – zlecenia miesięcznie | B12: =ROUNDUP(B7/Założenia!B16,0) -> 15 | C12: =ROUNDUP(C7/Założenia!C16,0) -> 40 | D12: Ile podpisanych umów pokrywa koszty miesięczne.
A13: Próg rentowności – zlecenia na zakład | B13: =IF(Założenia!B7=0,0,B12/Założenia!B7) -> 3 | C13: =IF(Założenia!C7=0,0,C12/Założenia!C7) -> 1.6 | D13: Próg ÷ liczba zakładów.
A14: Gotówka potrzebna na start | B14: =B6+Jednorazowe!$C$20+B7*B5-B10*B5 -> 21599.464 | D14: Jednorazowe + kapitał + koszty pilotu − przychód z pilotu.
A16: Uwagi
A17: • Nie liczymy wynagrodzeń programistów – aplikację rozwijasz z Claude (koszt narzędzia jest w zakładce Miesięczne).
A18: • Usługi z USA (Supabase, Vercel, Claude) rozlicza się bez polskiego VAT (import usług); polskie faktury – netto, VAT do odliczenia po rejestracji do VAT.
A19: • Przy jednym wspólniku dochodzi ok. 2 619 zł ZUS i składki zdrowotnej miesięcznie – przełącznik w zakładce Założenia.
A20: • Pozycje „szacunek” trzeba potwierdzić ofertami (kancelaria, test penetracyjny, księgowość, ubezpieczenie, druk). Ceny z cenników sprawdzono 15–16.10.2026.
A21: • Zmiany 16.10.2026: kurs NBP z 16.10, wdrożony kod SMS dla rodziny, własny serwer poczty dla linków logowania, monitoring błędów i klepsydry online w aplikacji (bez dodatkowych opłat), test penetracyjny przed startem.

Sheet Założenia
A1: Ostoja – założenia kosztorysu
A2: Niebieskie liczby to dane wejściowe – zmień je, a reszta przeliczy się sama. Żółte tło: kluczowe założenia. Kwoty netto (bez VAT).
A4: Parametr | B4: Pilot | C4: Start | D4: Jednostka | E4: Źródło / uwagi
A5: Kurs USD/PLN | B5: 3.8827 | C5: 3.8827 | D5: zł za 1 USD | E5: Kurs średni NBP z 16.10.2026 (comparic.pl). Usługi Supabase, Vercel, Claude są w USD.
A6: Długość scenariusza | B6: 3 | C6: 12 | D6: miesiące | E6: Pilot: 3 miesiące w Łodzi z 5 zakładami. Start: pierwszy rok sprzedaży.
A7: Zakłady partnerskie | B7: 5 | C7: 25 | D7: zakłady | E7: Założenie. Start: 2–3 miasta.
A8: Zlecenia z umową na zakład | B8: 2 | C8: 2.4 | D8: na miesiąc | E8: Założenie do sprawdzenia w pilocie.
A9: Zlecenia z umową razem | B9: =B7*B8 -> 10 | C9: =C7*C8 -> 60 | D9: na miesiąc | E9: Wyliczone.
A10: Zapytania na jedno zlecenie | B10: 2 | C10: 2 | D10: zapytania | E10: Założenie: połowa zapytań kończy się umową.
A11: SMS-y z linkiem na zlecenie | B11: 2 | C11: 2 | D11: SMS-y | E11: Pierwszy link i jedno przypomnienie (limit w bazie: 3 na dobę).
A12: Części jednego SMS-a | B12: 3 | C12: 3 | D12: części | E12: Wzór SMS-a z polskimi literami ma ok. 170 znaków = 3 części po 67 znaków. Bez polskich liter: 2.
A13: Cena części SMS netto | B13: 0.17 | C13: =B13 -> 0.17 | D13: zł | E13: SMSAPI: 0,17 zł przy doładowaniu 49–499 zł; 0,16 zł przy 500–1 999 zł (smsapi.pl/cennik). Jedna cena dla obu scenariuszy.
A14: Osoby z firmowym e-mailem | B14: 2 | C14: 3 | D14: osoby | E14: Założenie.
A15: Jedyny wspólnik płaci ZUS (1 = tak, 0 = nie) | B15: 0 | C15: 0 | E15: Przy jednym wspólniku obowiązkowy ZUS i składka zdrowotna (ok. 2 619 zł/mies.). Przy dwóch i więcej wspólnikach bez wynagrodzenia – 0 (norman.finance).
A16: Opłata Ostoi za zlecenie z umową | B16: 250 | C16: 250 | D16: zł netto | E16: Model z panelu partnera: opłata tylko za podpisaną umowę. Jeśli w pilocie zakłady testują za darmo, wpisz 0 w kolumnie Pilot.

Sheet Jednorazowe
A1: Koszty jednorazowe (przed pilotem)
A2: Programiści: 0 zł (aplikację budujesz z Claude). Kwoty netto; „szacunek” = brak publicznego cennika, kwota do potwierdzenia ofertą.
A4: Pozycja | B4: Kategoria | C4: Kwota netto | D4: Rodzaj | E4: Źródło / uwagi | F4: Kiedy
A5: Rejestracja sp. z o.o. przez S24 (opłata sądowa 250 zł + PCC) | B5: Spółka | C5: 274 | D5: cennik | E5: norman.finance, stan na 9.10.2026. Ogłoszenie w MSiG bezpłatne od 29.11.2025. | F5: Pilot
A6: Znak towarowy w UPRP – zgłoszenie elektroniczne, klasa 1 | B6: Marka | C6: 400 | D6: cennik | E6: Klasa 35 (pośrednictwo, platforma). poradnikprzedsiebiorcy.pl – stawki z rozporządzenia z 2016 r.; sprawdź w UPRP przed zgłoszeniem. | F6: Pilot
A7: Znak towarowy – 2 kolejne klasy (42, 45) × 120 zł | B7: Marka | C7: =2*120 -> 240 | D7: cennik | E7: Klasy 42 (oprogramowanie jako usługa) i 45 (usługi związane z pogrzebem). | F7: Pilot
A8: Znak towarowy – opłata za 10 lat ochrony, 3 klasy × 400 zł | B8: Marka | C8: =3*400 -> 1200 | D8: cennik | E8: Płatna po decyzji o udzieleniu prawa. | F8: Pilot
A9: Znak towarowy – publikacja o udzieleniu prawa | B9: Marka | C9: 90 | D9: cennik | E9: Jak wyżej. | F9: Pilot
A10: Regulaminy, polityka prywatności, umowa partnerska, umowa powierzenia danych | B10: Prawo i RODO | C10: 6000 | D10: szacunek | E10: Kancelaria; 2 regulaminy (rodziny, zakłady), DPA z zakładami, klauzule. Wyceny kancelarii zwykle 4–10 tys. zł. | F10: Pilot
A11: Przegląd bezpieczeństwa i RODO przed prawdziwymi danymi | B11: Prawo i RODO | C11: 5000 | D11: szacunek | E11: Warunek z CLAUDE.md. Test aplikacji + rejestr czynności przetwarzania. | F11: Pilot
A12: Domena .pl – pierwszy rok | B12: Infrastruktura | C12: 16.69 | D12: cennik | E12: OVHcloud: 16,69 zł netto pierwszy rok, odnowienie 58,99 zł netto. | F12: Pilot
A13: Wizytówki 2 × 100 szt. | B13: Materiały | C13: 150 | D13: szacunek | E13: Druk cyfrowy, papier niepowlekany 350 g. | F13: Pilot
A14: Naklejki „Partner Ostoi” 120 × 120 mm, 10 szt. | B14: Materiały | C14: 200 | D14: szacunek | E14: Folia matowa. | F14: Pilot
A15: Test penetracyjny aplikacji (zewnętrzna firma) | B15: Prawo i RODO | C15: 8000 | D15: szacunek | E15: Przed startem z prawdziwymi danymi (dokument RODO, rozdz. 8). Mała aplikacja webowa: zwykle kilka–kilkanaście tys. zł, zależnie od zakresu – do potwierdzenia ofertą. | F15: Start
A16: Razem koszty jednorazowe | C16: =SUM(C5:C15) -> 21570.69
A17: w tym przed pilotem | C17: =SUMIFS(C5:C15,F5:F15,"Pilot") -> 13570.69
A18: w tym przed startem z prawdziwymi danymi | C18: =SUMIFS(C5:C15,F5:F15,"Start") -> 8000 | E18: Kolumna Kiedy: wpisz Pilot albo Start – od tego zależy, do którego scenariusza trafia koszt.
A20: Kapitał zakładowy (minimum) | C20: 5000 | E20: To nie jest koszt – pieniądze zostają w spółce i można je wydać na jej potrzeby. Liczymy je do gotówki potrzebnej na start.

Sheet Miesięczne
A1: Koszty miesięczne
A2: Kwota = cena jednostkowa (w USD przeliczona po kursie z Założeń) × ilość. Ilości i ceny na niebiesko można zmieniać.
A4: Pozycja | B4: Kategoria | C4: Cena jedn. | D4: Waluta | E4: Ilość – pilot | F4: Ilość – start | G4: Pilot / mies. | H4: Start / mies. | I4: Rodzaj | J4: Źródło / uwagi
A5: Supabase Pro – baza produkcyjna (Frankfurt), compute Micro w cenie | B5: Infrastruktura | C5: 25 | D5: USD | E5: 1 | F5: 1 | G5: =IF($D5="USD",$C5*Założenia!$B$5,$C5)*E5 -> 97.0675 | H5: =IF($D5="USD",$C5*Założenia!$B$5,$C5)*F5 -> 97.0675 | I5: cennik | J5: 25 USD/mies. z kredytem 10 USD, który pokrywa instancję Micro (makerkit.dev, 2026).
A6: Supabase – drugi projekt (wersja testowa), compute Micro | B6: Infrastruktura | C6: 10 | D6: USD | E6: 0 | F6: 1 | G6: =IF($D6="USD",$C6*Założenia!$B$5,$C6)*E6 -> 0 | H6: =IF($D6="USD",$C6*Założenia!$B$5,$C6)*F6 -> 38.827 | I6: cennik | J6: W pilocie wersja testowa na planie Free (usypia po tygodniu bez ruchu).
A7: Vercel Pro – 1 miejsce | B7: Infrastruktura | C7: 20 | D7: USD | E7: 1 | F7: 1 | G7: =IF($D7="USD",$C7*Założenia!$B$5,$C7)*E7 -> 77.654 | H7: =IF($D7="USD",$C7*Założenia!$B$5,$C7)*F7 -> 77.654 | I7: cennik | J7: 20 USD za miejsce, zawiera 20 USD kredytu na ruch. Plan Hobby nie pozwala na użytek komercyjny.
A8: Domena .pl – odnowienie (1/12 roku) | B8: Infrastruktura | C8: =58.99/12 -> 4.9158333 | D8: PLN | E8: 0 | F8: 1 | G8: =IF($D8="USD",$C8*Założenia!$B$5,$C8)*E8 -> 0 | H8: =IF($D8="USD",$C8*Założenia!$B$5,$C8)*F8 -> 4.9158333 | I8: cennik | J8: OVHcloud: 58,99 zł netto rocznie od drugiego roku.
A9: E-maile z linkami logowania – własny SMTP (Brevo, plan Free) | B9: Infrastruktura | C9: 0 | D9: USD | E9: 1 | F9: 1 | G9: =IF($D9="USD",$C9*Założenia!$B$5,$C9)*E9 -> 0 | H9: =IF($D9="USD",$C9*Założenia!$B$5,$C9)*F9 -> 0 | I9: cennik | J9: Wymagany: wbudowana poczta Supabase wysyła tylko do członków zespołu projektu. Brevo (firma z UE): 300 e-maili dziennie za darmo, plan Starter od 9 USD/mies.
A10: Monitoring błędów (wbudowany – panel administratora → Błędy) | B10: Infrastruktura | C10: 0 | D10: PLN | E10: 1 | F10: 1 | G10: =IF($D10="USD",$C10*Założenia!$B$5,$C10)*E10 -> 0 | H10: =IF($D10="USD",$C10*Założenia!$B$5,$C10)*F10 -> 0 | I10: cennik | J10: Zbudowany w aplikacji 16.10.2026, bez danych osobowych; bez zewnętrznej usługi.
A11: Klepsydry online i obrazy podglądu linków | B11: Infrastruktura | C11: 0 | D11: PLN | E11: 1 | F11: 1 | G11: =IF($D11="USD",$C11*Założenia!$B$5,$C11)*E11 -> 0 | H11: =IF($D11="USD",$C11*Założenia!$B$5,$C11)*F11 -> 0 | I11: cennik | J11: W ramach Vercel Pro (funkcje i ruch mieszczą się w kredycie 20 USD przy skali pilotu).
A12: SMS z linkiem dla rodziny (części SMS) | B12: Powiadomienia | C12: =Założenia!B13 -> 0.17 | D12: PLN | E12: =Założenia!B9*Założenia!B11*Założenia!B12 -> 60 | F12: =Założenia!C9*Założenia!C11*Założenia!C12 -> 360 | G12: =IF($D12="USD",$C12*Założenia!$B$5,$C12)*E12 -> 10.2 | H12: =IF($D12="USD",$C12*Założenia!$B$5,$C12)*F12 -> 61.2 | I12: cennik | J12: Ilość = zlecenia × SMS-y na zlecenie × części. Cena z Założeń (SMSAPI).
A13: SMS z kodem weryfikacji numeru rodziny | B13: Powiadomienia | C13: =Założenia!B13 -> 0.17 | D13: PLN | E13: =Założenia!B9*Założenia!B10 -> 20 | F13: =Założenia!C9*Założenia!C10 -> 120 | G13: =IF($D13="USD",$C13*Założenia!$B$5,$C13)*E13 -> 3.4 | H13: =IF($D13="USD",$C13*Założenia!$B$5,$C13)*F13 -> 20.4 | I13: cennik | J13: Wdrożone: kod przed wysłaniem zapytania, bez polskich liter = 1 część. Ilość = zapytania (zlecenia × zapytania na zlecenie); ponowne wysyłki kodu zwiększą ją nieznacznie.
A14: Powiadomienia push (web push) | B14: Powiadomienia | C14: 0 | D14: PLN | E14: 1 | F14: 1 | G14: =IF($D14="USD",$C14*Założenia!$B$5,$C14)*E14 -> 0 | H14: =IF($D14="USD",$C14*Założenia!$B$5,$C14)*F14 -> 0 | I14: cennik | J14: Bezpłatne – przez przeglądarkę, bez aplikacji w sklepie.
A15: Claude Max 5x – narzędzie, w którym powstaje aplikacja | B15: Narzędzia | C15: 100 | D15: USD | E15: 1 | F15: 1 | G15: =IF($D15="USD",$C15*Założenia!$B$5,$C15)*E15 -> 388.27 | H15: =IF($D15="USD",$C15*Założenia!$B$5,$C15)*F15 -> 388.27 | I15: cennik | J15: 100 USD/mies. (support.claude.com). Po zbudowaniu wersji 1 wystarczy Pro – 20 USD.
A16: Google Workspace Business Starter (plan roczny) | B16: Narzędzia | C16: 31.5 | D16: PLN | E16: =Założenia!B14 -> 2 | F16: =Założenia!C14 -> 3 | G16: =IF($D16="USD",$C16*Założenia!$B$5,$C16)*E16 -> 63 | H16: =IF($D16="USD",$C16*Założenia!$B$5,$C16)*F16 -> 94.5 | I16: cennik | J16: 31,50 zł za osobę/mies. przy umowie rocznej, 37,80 zł elastycznie (antyweb.pl, cennik od 2025).
A17: Pełna księgowość sp. z o.o. | B17: Spółka | C17: 800 | D17: PLN | E17: 1 | F17: 1 | G17: =IF($D17="USD",$C17*Założenia!$B$5,$C17)*E17 -> 800 | H17: =IF($D17="USD",$C17*Założenia!$B$5,$C17)*F17 -> 800 | I17: szacunek | J17: Biura rachunkowe: 600–1 500 zł netto/mies. (norman.finance, 2026).
A18: Konto firmowe | B18: Spółka | C18: 30 | D18: PLN | E18: 1 | F18: 1 | G18: =IF($D18="USD",$C18*Założenia!$B$5,$C18)*E18 -> 30 | H18: =IF($D18="USD",$C18*Założenia!$B$5,$C18)*F18 -> 30 | I18: szacunek | J18: 0–100 zł/mies.
A19: Adres siedziby (wirtualne biuro) | B19: Spółka | C19: 100 | D19: PLN | E19: 1 | F19: 1 | G19: =IF($D19="USD",$C19*Założenia!$B$5,$C19)*E19 -> 100 | H19: =IF($D19="USD",$C19*Założenia!$B$5,$C19)*F19 -> 100 | I19: szacunek | J19: 40–250 zł/mies.; 0 zł, jeśli siedziba w lokalu wspólnika.
A20: ZUS i składka zdrowotna jedynego wspólnika | B20: Spółka | C20: =1788.29+830.58 -> 2618.87 | D20: PLN | E20: =Założenia!B15 -> 0 | F20: =Założenia!C15 -> 0 | G20: =IF($D20="USD",$C20*Założenia!$B$5,$C20)*E20 -> 0 | H20: =IF($D20="USD",$C20*Założenia!$B$5,$C20)*F20 -> 0 | I20: cennik | J20: 1 788,29 zł ZUS + 830,58 zł zdrowotna w 2026 (norman.finance). Tylko przy jednym wspólniku.
A21: Ubezpieczenie cyber (1/12 składki rocznej) | B21: Spółka | C21: =2000/12 -> 166.66667 | D21: PLN | E21: 0 | F21: 1 | G21: =IF($D21="USD",$C21*Założenia!$B$5,$C21)*E21 -> 0 | H21: =IF($D21="USD",$C21*Założenia!$B$5,$C21)*F21 -> 166.66667 | I21: szacunek | J21: Mikrofirmy: 1 000–3 000 zł rocznie (freenance.io). W pilocie tylko dane testowe – bez polisy.
A22: Telefon opiekuna 24/7 (abonament) | B22: Operacje | C22: 40 | D22: PLN | E22: 1 | F22: 1 | G22: =IF($D22="USD",$C22*Założenia!$B$5,$C22)*E22 -> 40 | H22: =IF($D22="USD",$C22*Założenia!$B$5,$C22)*F22 -> 40 | I22: szacunek | J22: Osobny numer, który można przekierować na dyżurnego.
A23: Opiekun nocny – ryczałt za dyżur pod telefonem | B23: Operacje | C23: 3000 | D23: PLN | E23: 0 | F23: 1 | G23: =IF($D23="USD",$C23*Założenia!$B$5,$C23)*E23 -> 0 | H23: =IF($D23="USD",$C23*Założenia!$B$5,$C23)*F23 -> 3000 | I23: szacunek | J23: W pilocie dyżurują wspólnicy. Kwota do ustalenia z osobą na umowie zlecenia.
A24: Dojazdy do zakładów (wdrożenie, szkolenia) | B24: Sprzedaż | C24: 1 | D24: PLN | E24: 400 | F24: 800 | G24: =IF($D24="USD",$C24*Założenia!$B$5,$C24)*E24 -> 400 | H24: =IF($D24="USD",$C24*Założenia!$B$5,$C24)*F24 -> 800 | I24: szacunek | J24: Pilot: Łódź; start: 2–3 miasta.
A25: Reklama dla rodzin (Google Ads) | B25: Marketing | C25: 1 | D25: PLN | E25: 1500 | F25: 4000 | G25: =IF($D25="USD",$C25*Założenia!$B$5,$C25)*E25 -> 1500 | H25: =IF($D25="USD",$C25*Założenia!$B$5,$C25)*F25 -> 4000 | I25: szacunek | J25: Budżet do ustalenia. Google nie publikuje cennika – koszt kliknięcia zależy od aukcji i miasta.
A26: Dodruk materiałów dla zakładów | B26: Materiały | C26: 100 | D26: PLN | E26: 0 | F26: 1 | G26: =IF($D26="USD",$C26*Założenia!$B$5,$C26)*E26 -> 0 | H26: =IF($D26="USD",$C26*Założenia!$B$5,$C26)*F26 -> 100 | I26: szacunek
A27: Razem miesięcznie | G27: =SUM(G5:G26) -> 3509.5915 | H27: =SUM(H5:H26) -> 9819.501
A29: Według kategorii
A30: Kategoria | G30: Pilot / mies. | H30: Start / mies.
A31: Infrastruktura | G31: =SUMIFS(G$5:G$26,$B$5:$B$26,$A31) -> 174.7215 | H31: =SUMIFS(H$5:H$26,$B$5:$B$26,$A31) -> 218.46433
A32: Powiadomienia | G32: =SUMIFS(G$5:G$26,$B$5:$B$26,$A32) -> 13.6 | H32: =SUMIFS(H$5:H$26,$B$5:$B$26,$A32) -> 81.6
A33: Narzędzia | G33: =SUMIFS(G$5:G$26,$B$5:$B$26,$A33) -> 451.27 | H33: =SUMIFS(H$5:H$26,$B$5:$B$26,$A33) -> 482.77
A34: Spółka | G34: =SUMIFS(G$5:G$26,$B$5:$B$26,$A34) -> 930 | H34: =SUMIFS(H$5:H$26,$B$5:$B$26,$A34) -> 1096.6667
A35: Operacje | G35: =SUMIFS(G$5:G$26,$B$5:$B$26,$A35) -> 40 | H35: =SUMIFS(H$5:H$26,$B$5:$B$26,$A35) -> 3040
A36: Sprzedaż | G36: =SUMIFS(G$5:G$26,$B$5:$B$26,$A36) -> 400 | H36: =SUMIFS(H$5:H$26,$B$5:$B$26,$A36) -> 800
A37: Marketing | G37: =SUMIFS(G$5:G$26,$B$5:$B$26,$A37) -> 1500 | H37: =SUMIFS(H$5:H$26,$B$5:$B$26,$A37) -> 4000
A38: Materiały | G38: =SUMIFS(G$5:G$26,$B$5:$B$26,$A38) -> 0 | H38: =SUMIFS(H$5:H$26,$B$5:$B$26,$A38) -> 100
A39: Kontrola: suma kategorii = razem | G39: =IF(ROUND(SUM(G31:G38)-G27,2)=0,"OK","SPRAWDŹ") -> OK | H39: =IF(ROUND(SUM(H31:H38)-H27,2)=0,"OK","SPRAWDŹ") -> OK

Sheet Źródła
A1: Źródła cen (sprawdzone 15–16.10.2026)
A3: Kurs NBP USD/PLN 16.10.2026 | B3: https://comparic.pl/dolar-kolejny-dzien-mocno-traci-co-dzieje-sie-z-kursami-dolara-euro-franka-i-funta-16-10-2026/
A4: Supabase – cennik planów 2026 | B4: https://makerkit.dev/blog/md/saas/supabase-pricing
A5: Vercel – cennik 2026 | B5: https://makerkit.dev/blog/saas/vercel-cost
A6: SMSAPI – cennik | B6: https://www.smsapi.pl/cennik
A7: Założenie sp. z o.o. – S24 i notariusz (2026) | B7: https://norman.finance/pl/blog/jak-zalozyc-spolke-z-o-o
A8: Koszty prowadzenia sp. z o.o. miesięcznie (2026) | B8: https://norman.finance/pl/blog/ile-kosztuje-prowadzenie-spolki-z-o-o
A9: Opłaty za znak towarowy w UPRP | B9: https://poradnikprzedsiebiorcy.pl/-oplaty-za-rejestracje-znaku-towarowego-ile-wynosza
A10: Domena .pl – OVHcloud | B10: https://www.ovhcloud.com/pl/domains/tld/pl/
A11: Google Workspace – ceny w złotych | B11: https://antyweb.pl/google-miesza-z-cenami-tlumaczymy-nowy-cennik
A12: Brevo – plany i limity (2026) | B12: https://toolquestor.com/pl/tool/brevo
A13: Supabase – wbudowana poczta tylko dla członków zespołu (własny SMTP) | B13: https://supabase.com/docs/guides/auth/auth-smtp
A14: Claude Max – cena | B14: https://support.claude.com/en/articles/11049744-how-much-does-the-max-plan-cost
... A17: Google Ads – jak naliczany jest koszt | B17: https://business.google.com/pl/resources/articles/google-ads-cost/
